<Backups xmlns="http://www.microsoft.com/GroupPolicy/GPOOperations/Manifest" xmlns:mfst="http://www.microsoft.com/GroupPolicy/GPOOperations/Manifest" mfst:version="1.0"><BackupInst><GPOGuid><![CDATA[{C2461217-D314-4D4F-9EA6-1511D894B7D4}]]></GPOGuid><GPODomain><![CDATA[SECGUIDE.local]]></GPODomain><GPODomainGuid><![CDATA[{5e518068-848e-4a8d-83b7-f608c70b4110}]]></GPODomainGuid><GPODomainController><![CDATA[WIN-V7V60UV0B9E.SECGUIDE.local]]></GPODomainController><BackupTime><![CDATA[2014-09-02T15:19:57]]></BackupTime><ID><![CDATA[{AB1A03CA-A251-4FDC-9C95-3BFE14EF9A54}]]></ID><Comment><![CDATA[]]></Comment><GPODisplayName><![CDATA[MSFT Windows Server 2012 R2 Member Server Baseline]]></GPODisplayName></BackupInst><BackupInst><GPOGuid><![CDATA[{51B22E60-3932-4AB8-8443-38C700F33A1A}]]></GPOGuid><GPODomain><![CDATA[SECGUIDE.local]]></GPODomain><GPODomainGuid><![CDATA[{5e518068-848e-4a8d-83b7-f608c70b4110}]]></GPODomainGuid><GPODomainController><![CDATA[WIN-V7V60UV0B9E.SECGUIDE.local]]></GPODomainController><BackupTime><![CDATA[2014-09-02T15:19:34]]></BackupTime><ID><![CDATA[{631572F1-2CE9-481D-8FAB-A1553A4DBD56}]]></ID><Comment><![CDATA[]]></Comment><GPODisplayName><![CDATA[MSFT Windows Server 2012 R2 Domain Controller Baseline]]></GPODisplayName></BackupInst><BackupInst><GPOGuid><![CDATA[{F2BEB895-E77C-442A-90DD-BBAAA22B741C}]]></GPOGuid><GPODomain><![CDATA[SECGUIDE.local]]></GPODomain><GPODomainGuid><![CDATA[{5e518068-848e-4a8d-83b7-f608c70b4110}]]></GPODomainGuid><GPODomainController><![CDATA[WIN-V7V60UV0B9E.SECGUIDE.local]]></GPODomainController><BackupTime><![CDATA[2014-09-02T15:19:16]]></BackupTime><ID><![CDATA[{73D9A312-9883-4545-8958-33CE72070B52}]]></ID><Comment><![CDATA[]]></Comment><GPODisplayName><![CDATA[MSFT Windows 8.1 Baseline]]></GPODisplayName></BackupInst><BackupInst><GPOGuid><![CDATA[{689A17EC-175B-476B-B365-6890CF40D6A2}]]></GPOGuid><GPODomain><![CDATA[SECGUIDE.local]]></GPODomain><GPODomainGuid><![CDATA[{5e518068-848e-4a8d-83b7-f608c70b4110}]]></GPODomainGuid><GPODomainController><![CDATA[WIN-V7V60UV0B9E.SECGUIDE.local]]></GPODomainController><BackupTime><![CDATA[2014-09-02T15:19:07]]></BackupTime><ID><![CDATA[{06E4CFEC-549E-49A7-A79E-007AE046A09D}]]></ID><Comment><![CDATA[]]></Comment><GPODisplayName><![CDATA[MSFT Internet Explorer 11 Baseline]]></GPODisplayName></BackupInst></Backups>