<BackupInst xmlns="http://www.microsoft.com/GroupPolicy/GPOOperations/Manifest"><GPOGuid><![CDATA[{C2461217-D314-4D4F-9EA6-1511D894B7D4}]]></GPOGuid><GPODomain><![CDATA[SECGUIDE.local]]></GPODomain><GPODomainGuid><![CDATA[{5e518068-848e-4a8d-83b7-f608c70b4110}]]></GPODomainGuid><GPODomainController><![CDATA[WIN-V7V60UV0B9E.SECGUIDE.local]]></GPODomainController><BackupTime><![CDATA[2014-09-02T15:19:57]]></BackupTime><ID><![CDATA[{AB1A03CA-A251-4FDC-9C95-3BFE14EF9A54}]]></ID><Comment><![CDATA[]]></Comment><GPODisplayName><![CDATA[MSFT Windows Server 2012 R2 Member Server Baseline]]></GPODisplayName></BackupInst>
