<BackupInst xmlns="http://www.microsoft.com/GroupPolicy/GPOOperations/Manifest"><GPOGuid><![CDATA[{F2BEB895-E77C-442A-90DD-BBAAA22B741C}]]></GPOGuid><GPODomain><![CDATA[SECGUIDE.local]]></GPODomain><GPODomainGuid><![CDATA[{5e518068-848e-4a8d-83b7-f608c70b4110}]]></GPODomainGuid><GPODomainController><![CDATA[WIN-V7V60UV0B9E.SECGUIDE.local]]></GPODomainController><BackupTime><![CDATA[2014-09-02T15:19:16]]></BackupTime><ID><![CDATA[{73D9A312-9883-4545-8958-33CE72070B52}]]></ID><Comment><![CDATA[]]></Comment><GPODisplayName><![CDATA[MSFT Windows 8.1 Baseline]]></GPODisplayName></BackupInst>
