<BackupInst xmlns="http://www.microsoft.com/GroupPolicy/GPOOperations/Manifest"><GPOGuid><![CDATA[{689A17EC-175B-476B-B365-6890CF40D6A2}]]></GPOGuid><GPODomain><![CDATA[SECGUIDE.local]]></GPODomain><GPODomainGuid><![CDATA[{5e518068-848e-4a8d-83b7-f608c70b4110}]]></GPODomainGuid><GPODomainController><![CDATA[WIN-V7V60UV0B9E.SECGUIDE.local]]></GPODomainController><BackupTime><![CDATA[2014-09-02T15:19:07]]></BackupTime><ID><![CDATA[{06E4CFEC-549E-49A7-A79E-007AE046A09D}]]></ID><Comment><![CDATA[]]></Comment><GPODisplayName><![CDATA[MSFT Internet Explorer 11 Baseline]]></GPODisplayName></BackupInst>
